Id,OriginalFileName,NewFileName,UserTier,FileSize,UploadTimestamp,PageCount,DownloadLink,Status,UserID
24,MTR-TEMPLATE-19.pdf,_316_2021-06-08.pdf,Free,192980,2026-03-31 2:17am,1,clients/1oKFs5JIXRahyD71Q3MTJwTzolo2/processed/_316_2021-06-08.pdf,Processed,1oKFs5JIXRahyD71Q3MTJwTzolo2
25,MTR-TEMPLATE-19.jpg,FM09290621-1_316_2021-06-08.jpg,Standard,559879,2026-05-08 10:48pm,,clients/1oKFs5JIXRahyD71Q3MTJwTzolo2/processed/FM09290621-1_316_2021-06-08.jpg,Processed,1oKFs5JIXRahyD71Q3MTJwTzolo2
26,MTR-TEMPLATE-19.jpg,MTR-TEMPLATE-19.jpg,Standard,559879,2026-05-08 11:00pm,,https://certificate-bot-vault-v1.s3.us-east-2.amazonaws.com/clients/1oKFs5JIXRahyD71Q3MTJwTzolo2/MTR-TEMPLATE-19.jpg,Pending,1oKFs5JIXRahyD71Q3MTJwTzolo2
27,MTR-TEMPLATE-19.pdf,MTR-TEMPLATE-19.pdf,Standard,192980,2026-05-08 11:02pm,1,https://certificate-bot-vault-v1.s3.us-east-2.amazonaws.com/clients/1oKFs5JIXRahyD71Q3MTJwTzolo2/MTR-TEMPLATE-19.pdf,Pending,1oKFs5JIXRahyD71Q3MTJwTzolo2
28,MTR-TEMPLATE-19.jpg,MTR-TEMPLATE-19.jpg,Standard,559879,2026-05-09 12:15am,,https://certificate-bot-vault-v1.s3.us-east-2.amazonaws.com/clients/1oKFs5JIXRahyD71Q3MTJwTzolo2/MTR-TEMPLATE-19.jpg,Pending,1oKFs5JIXRahyD71Q3MTJwTzolo2
29,MTR-TEMPLATE-19.jpg,MTR-TEMPLATE-19.jpg,Standard,559879,2026-05-09 12:25am,,https://certificate-bot-vault-v1.s3.us-east-2.amazonaws.com/clients/1oKFs5JIXRahyD71Q3MTJwTzolo2/MTR-TEMPLATE-19.jpg,Pending,1oKFs5JIXRahyD71Q3MTJwTzolo2
30,MTR-TEMPLATE-19.pdf,MTR-TEMPLATE-19.pdf,Standard,192980,2026-05-09 12:45am,1,https://certificate-bot-vault-v1.s3.us-east-2.amazonaws.com/clients/1oKFs5JIXRahyD71Q3MTJwTzolo2/MTR-TEMPLATE-19.pdf,Pending,1oKFs5JIXRahyD71Q3MTJwTzolo2
31,MTR-TEMPLATE-19.jpg,MTR-TEMPLATE-19.jpg,Standard,559879,2026-05-09 12:50am,,https://certificate-bot-vault-v1.s3.us-east-2.amazonaws.com/clients/1oKFs5JIXRahyD71Q3MTJwTzolo2/MTR-TEMPLATE-19.jpg,Pending,1oKFs5JIXRahyD71Q3MTJwTzolo2
32,MTR-TEMPLATE-19.jpg,MTR-TEMPLATE-19.jpg,Standard,559879,2026-05-09 1:08am,,https://certificate-bot-vault-v1.s3.us-east-2.amazonaws.com/clients/1oKFs5JIXRahyD71Q3MTJwTzolo2/MTR-TEMPLATE-19.jpg,Pending,1oKFs5JIXRahyD71Q3MTJwTzolo2
33,MTR-TEMPLATE-19.jpg,MTR-TEMPLATE-19.jpg,Standard,559879,2026-05-09 1:38am,,https://certificate-bot-vault-v1.s3.us-east-2.amazonaws.com/clients/1oKFs5JIXRahyD71Q3MTJwTzolo2/MTR-TEMPLATE-19.jpg,Pending,1oKFs5JIXRahyD71Q3MTJwTzolo2
34,MTR-TEMPLATE-19.jpg,MTR-TEMPLATE-19.jpg,Standard,559879,2026-05-09 1:51am,,https://certificate-bot-vault-v1.s3.us-east-2.amazonaws.com/clients/1oKFs5JIXRahyD71Q3MTJwTzolo2/MTR-TEMPLATE-19.jpg,Pending,1oKFs5JIXRahyD71Q3MTJwTzolo2
